-- MySQL dump 10.13  Distrib 8.0.40, for Linux (x86_64)
--
-- Host: database-1.c9ks828mszs7.ap-northeast-2.rds.amazonaws.com    Database: roschool
-- ------------------------------------------------------
-- Server version	8.0.39

/*!40101 SET @OLD_CHARACTER_SET_CLIENT=@@CHARACTER_SET_CLIENT */;
/*!40101 SET @OLD_CHARACTER_SET_RESULTS=@@CHARACTER_SET_RESULTS */;
/*!40101 SET @OLD_COLLATION_CONNECTION=@@COLLATION_CONNECTION */;
/*!50503 SET NAMES utf8mb4 */;
/*!40103 SET @OLD_TIME_ZONE=@@TIME_ZONE */;
/*!40103 SET TIME_ZONE='+00:00' */;
/*!40014 SET @OLD_UNIQUE_CHECKS=@@UNIQUE_CHECKS, UNIQUE_CHECKS=0 */;
/*!40014 SET @OLD_FOREIGN_KEY_CHECKS=@@FOREIGN_KEY_CHECKS, FOREIGN_KEY_CHECKS=0 */;
/*!40101 SET @OLD_SQL_MODE=@@SQL_MODE, SQL_MODE='NO_AUTO_VALUE_ON_ZERO' */;
/*!40111 SET @OLD_SQL_NOTES=@@SQL_NOTES, SQL_NOTES=0 */;

--
-- Table structure for table `career_info`
--

DROP TABLE IF EXISTS `career_info`;
/*!40101 SET @saved_cs_client     = @@character_set_client */;
/*!50503 SET character_set_client = utf8mb4 */;
CREATE TABLE `career_info` (
  `career_id` int NOT NULL,
  `career` varchar(16) DEFAULT NULL,
  PRIMARY KEY (`career_id`)
) ENGINE=InnoDB DEFAULT CHARSET=utf8mb4 COLLATE=utf8mb4_0900_ai_ci;
/*!40101 SET character_set_client = @saved_cs_client */;

--
-- Dumping data for table `career_info`
--

LOCK TABLES `career_info` WRITE;
/*!40000 ALTER TABLE `career_info` DISABLE KEYS */;
INSERT INTO `career_info` VALUES (1,'신입'),(2,'경력1년이상'),(3,'경력2년이상'),(4,'경력3년이상'),(5,'경력4년이상'),(6,'경력5년이상'),(7,'경력6년이상'),(8,'경력7년이상'),(9,'경력8년이상'),(10,'경력10년이상'),(11,'경력16년이상'),(12,'초대졸이상'),(13,'경력무관'),(14,'정보없음');
/*!40000 ALTER TABLE `career_info` ENABLE KEYS */;
UNLOCK TABLES;

--
-- Table structure for table `comp_type`
--

DROP TABLE IF EXISTS `comp_type`;
/*!40101 SET @saved_cs_client     = @@character_set_client */;
/*!50503 SET character_set_client = utf8mb4 */;
CREATE TABLE `comp_type` (
  `comp_type_id` int NOT NULL AUTO_INCREMENT,
  `type` varchar(16) DEFAULT NULL,
  PRIMARY KEY (`comp_type_id`)
) ENGINE=InnoDB AUTO_INCREMENT=12 DEFAULT CHARSET=utf8mb4 COLLATE=utf8mb4_0900_ai_ci;
/*!40101 SET character_set_client = @saved_cs_client */;

--
-- Dumping data for table `comp_type`
--

LOCK TABLES `comp_type` WRITE;
/*!40000 ALTER TABLE `comp_type` DISABLE KEYS */;
INSERT INTO `comp_type` VALUES (1,'대기업'),(2,'중견기업'),(3,'중소기업'),(4,'스타트업'),(5,'기타'),(6,'벤처기업'),(7,'강소기업'),(8,'공기업'),(9,'코스닥상장기업'),(10,'코스피상장기업'),(11,'정보없음');
/*!40000 ALTER TABLE `comp_type` ENABLE KEYS */;
UNLOCK TABLES;

--
-- Table structure for table `company_info`
--

DROP TABLE IF EXISTS `company_info`;
/*!40101 SET @saved_cs_client     = @@character_set_client */;
/*!50503 SET character_set_client = utf8mb4 */;
CREATE TABLE `company_info` (
  `comp_id` int NOT NULL AUTO_INCREMENT,
  `sido_id` int DEFAULT NULL,
  `gungu_id` int DEFAULT NULL,
  `comp_type_id` int DEFAULT NULL,
  `comp_name` varchar(32) DEFAULT NULL,
  `foundation` year DEFAULT NULL,
  `employees` int DEFAULT NULL,
  `income` int DEFAULT NULL,
  `low_salary` int DEFAULT NULL,
  `avg_salary` int DEFAULT NULL,
  `high_salary` int DEFAULT NULL,
  `years` int DEFAULT NULL,
  PRIMARY KEY (`comp_id`),
  KEY `FK_type_id` (`comp_type_id`),
  KEY `FK_address_id` (`sido_id`),
  KEY `FK_gu_id` (`gungu_id`),
  CONSTRAINT `FK_address_id` FOREIGN KEY (`sido_id`) REFERENCES `sido_type` (`sido_id`),
  CONSTRAINT `FK_gu_id` FOREIGN KEY (`gungu_id`) REFERENCES `gungu_type` (`gungu_id`),
  CONSTRAINT `FK_type_id` FOREIGN KEY (`comp_type_id`) REFERENCES `comp_type` (`comp_type_id`)
) ENGINE=InnoDB AUTO_INCREMENT=545 DEFAULT CHARSET=utf8mb4 COLLATE=utf8mb4_0900_ai_ci;
/*!40101 SET character_set_client = @saved_cs_client */;

--
-- Dumping data for table `company_info`
--

LOCK TABLES `company_info` WRITE;
/*!40000 ALTER TABLE `company_info` DISABLE KEYS */;
INSERT INTO `company_info` VALUES (1,1,1,4,'클로봇',2017,141,134,3462,6605,7915,9),(2,2,2,3,'로보티즈',1999,157,0,3130,5406,6948,27),(3,2,3,3,'마루에이치알',2006,270,204,2450,3573,4971,20),(4,3,4,11,'휴림로봇',1999,63,0,2824,4268,6216,27),(5,3,5,3,'세스텍',1999,106,341,3456,6287,7138,27),(6,2,6,3,'미르이즈',2006,65,133,3461,6361,8001,20),(7,2,7,3,'엠앤디',2000,59,70,3646,6499,7498,26),(8,1,1,3,'아이지',2009,58,184,2962,4957,6543,17),(9,4,8,3,'캠틱종합기술원',0000,109,305,3329,5840,7177,NULL),(10,1,1,3,'원익로보틱스',2004,49,0,3927,8067,9145,22),(11,2,9,3,'페르소나에이아이',2017,90,96,3387,5883,7037,9),(12,5,10,4,'트위니',2015,121,14,2929,4736,6210,11),(13,2,11,3,'휴로틱스',2022,15,0,3642,6492,7392,4),(14,1,12,1,'두산로보틱스',2015,228,0,3108,5575,7194,11),(15,2,9,3,'인티그리트',2014,19,0,3475,6090,7167,12),(16,2,7,4,'럭스로보',2014,84,0,3927,7225,8307,12),(17,2,9,4,'빅웨이브로보틱스',2020,48,0,3153,5649,7252,6),(18,1,13,3,'링크솔루션',2015,58,73,0,0,0,11),(19,2,14,4,'베어로보틱스코리아',2017,138,233,0,0,0,9),(20,2,14,3,'코가로보틱스',2017,71,13,0,0,0,9),(21,1,1,3,'인티맥스',2015,0,0,3784,7021,8249,11),(22,6,2,11,'타스글로벌',2014,0,24,3120,5405,6535,12),(23,7,15,3,'엔티렉스',2003,144,495,2560,3776,5325,23),(24,5,10,4,'라스테크',2001,38,39,2614,3781,5987,25),(25,1,1,2,'로보케어',2012,48,85,3719,6659,7533,14),(26,2,16,3,'써로마인드',2015,46,32,3604,6468,8011,11),(27,8,17,3,'아이엠알',2010,27,31,2798,4435,6422,16),(28,9,18,3,'스마트크리에이터',2017,13,14,2494,3624,5786,9),(29,6,19,3,'바질컴퍼니',2018,30,29,3037,5136,6483,8),(30,10,17,3,'도구공간',2017,40,14,2927,4927,6716,9),(31,2,20,3,'나야넷',2015,37,53,2584,3926,6267,11),(32,3,4,4,'이안하이텍',2009,17,42,3057,5197,6628,17),(33,6,2,3,'로보원',2020,20,27,2898,4639,6715,6),(34,9,18,3,'디엠에스',2009,17,38,2835,4558,5960,17),(35,7,21,3,'다운',2014,19,34,3188,5788,7345,12),(36,2,9,3,'아인잡',2017,3,0,2827,4351,5985,9),(37,1,22,11,'테이아',2015,70,104,3614,6825,7831,11),(38,2,9,3,'딥마인드플랫폼',2011,35,0,0,0,0,15),(39,5,10,4,'바램시스템',2008,28,0,0,0,0,18),(40,6,23,3,'현성',2018,15,6,0,0,0,8),(41,2,6,3,'긱플러스코리아',2021,0,307,4750,8723,10143,5),(42,4,8,3,'비아',2019,10,15,2940,4539,6230,7),(43,10,17,3,'세성',2000,40,529,2889,4613,5723,26),(44,7,24,3,'쉐코',2019,19,4,2942,4776,6232,7),(45,2,16,4,'버즈니',2007,65,96,3984,8244,9423,19),(46,8,25,3,'무진기연',1999,60,191,3454,6283,7017,27),(47,5,10,11,'스파시움로보틱스',2012,13,16,2844,4588,6138,14),(48,5,10,3,'토트',2021,15,11,3021,5247,6888,5),(49,7,26,3,'코리아소프트',2018,11,15,3348,5848,7554,8),(50,1,27,3,'리릭코리아',2023,5,0,2818,4506,6053,3),(51,10,17,3,'동원테크',2012,10,24,4738,8982,9666,14),(52,11,28,11,'케이에이앤',0000,0,4,3615,6411,7330,NULL),(53,12,29,3,'아이브이에스IVS',0000,0,3,2866,4389,5891,NULL),(54,6,23,3,'에그',2013,3,12,4229,7090,7601,13),(55,12,29,4,'원진비엠티',2007,36,146,2504,3564,5602,19),(56,5,10,3,'케이아이',1998,4,48,0,0,0,28),(57,1,30,3,'아폴로로보틱스',2000,21,65,0,0,0,26),(58,1,30,3,'디엠비에이치',2003,6,25,0,0,0,23),(59,8,17,3,'포미',2003,31,44,0,0,0,23),(60,1,30,3,'엠티에스이',2004,3,21,0,0,0,22),(61,10,31,3,'신라시스템',2005,45,56,3054,5381,6986,21),(62,3,4,3,'지나테크',2020,60,74,2962,4956,6718,6),(63,11,23,11,'에이티엠',1995,58,114,3035,5148,6515,31),(64,13,32,3,'이노드',2018,16,21,2922,4812,6243,8),(65,2,20,3,'씨앤엠로보틱스',2007,12,41,4250,7133,7514,19),(66,1,33,11,'우성기계',2014,8,39,3387,5875,6942,12),(67,1,13,3,'소디스',2007,16,45,4158,7642,7763,19),(68,1,34,3,'모션디바이스',2011,13,158,2981,4997,6253,15),(69,9,35,4,'성호하이텍',2006,18,49,3281,5346,6290,20),(70,11,17,11,'지성솔루션',2015,6,11,3838,7105,7671,11),(71,1,36,3,'솔코',2009,21,83,3490,6376,7314,17),(72,3,5,3,'로봇템',2016,16,50,3654,6528,7587,10),(73,7,37,3,'앤에이치씨',2015,13,23,2934,4848,6270,11),(74,12,29,3,'애니토이',2012,16,34,2715,3937,6009,14),(75,14,38,11,'아코스쿨',2022,6,11,2571,3384,5423,4),(76,12,29,4,'좋은기술',0000,0,17,2782,4207,5413,NULL),(77,2,20,3,'캐즈테크',2005,5,16,4882,8466,8882,21),(78,13,32,11,'우리',2017,3,2,0,0,0,9),(79,1,39,3,'바이로봇',2011,5,53,0,0,0,15),(80,1,1,3,'로빅스',2009,8,18,0,0,0,17),(81,1,1,11,'옐로펀트로봇',2022,7,8,3060,4676,5995,4),(82,7,37,3,'블루모션테크',2013,12,48,2509,3580,5376,13),(83,7,15,3,'지에스이',2001,7,22,3878,6476,7129,25),(84,8,17,3,'씨엘에프하이텍',2009,0,16,4110,7534,8360,17),(85,5,10,3,'에스엘엠',2018,39,21,3429,6242,7274,8),(86,12,40,11,'로보스',2022,37,0,2898,4828,6398,4),(87,2,14,3,'오토피디아',2019,19,110,3440,6054,7508,7),(88,8,21,5,'에이버츄얼',2020,11,23,2849,4364,6336,6),(89,2,20,4,'엣지크로스',2015,29,30,3675,6589,7537,11),(90,2,6,11,'언맨드솔루션',2008,26,15,2963,4991,6750,18),(91,1,1,11,'로드러너',2021,38,30,3814,6786,7649,5),(92,1,41,11,'팀로보틱스',2024,10,0,2802,4200,5835,2),(93,1,42,3,'제이솔루션',2021,8,40,3406,6409,7682,5),(94,12,43,11,'오션미래기술',2017,71,49,3075,5297,6933,9),(95,1,1,3,'니어솔루션',2017,14,33,2770,4411,6602,9),(96,8,17,11,'넷온',2018,11,25,3419,5970,7104,8),(97,14,38,3,'디엔비소프트',2012,0,20,3411,5946,7056,14),(98,12,29,11,'넥스콤',2021,17,30,2583,3865,5411,5),(99,9,44,3,'아이엔지글로벌',2010,12,34,0,0,0,16),(100,11,23,11,'코리아비티에스',2018,14,70,0,0,0,8),(101,2,45,11,'바스토테크놀로지스',2023,11,80,3408,6208,7451,3),(102,6,46,11,'한스콤정보통신',1998,42,124,3143,5530,6764,28),(103,8,17,3,'엠텍정보기술',2013,9,18,3648,6241,6931,13),(104,2,2,3,'경희정보테크',2002,8,27,3576,5876,7375,24),(105,12,47,3,'유니드',2011,26,25,2465,3497,5682,15),(106,5,10,11,'코리아테스팅',2012,0,22,2818,4333,6464,14),(107,8,17,11,'레몬소프트',2014,20,19,3137,4984,6002,12),(108,12,40,11,'다울피피티',2018,6,23,4377,7894,8279,8),(109,13,48,11,'퓨처아이스',2001,8,49,3246,5297,6447,25),(110,1,49,3,'창의와교육',2013,6,35,2828,4275,6225,13),(111,1,50,11,'한국엔에스디',2012,0,43,2963,4940,6310,14),(112,2,20,11,'퓨너스',2020,20,42,3045,5203,7301,6),(113,7,21,11,'세계로시스템',2014,0,137,3169,5516,6760,12),(114,6,2,11,'지오소나',2019,9,23,3238,5665,7279,7),(115,1,36,11,'오픈네트웍시스템',1999,21,245,4370,7625,8013,27),(116,6,51,11,'로보스텍',2018,15,28,2802,4165,5597,8),(117,1,12,11,'다원테크',0000,0,21,0,0,0,NULL),(118,2,3,11,'아리온통신',2004,29,174,0,0,0,22),(119,1,27,11,'에로바테크놀러지',2002,7,45,0,0,0,24),(120,5,10,11,'젠아트',2010,6,21,0,0,0,16),(121,3,5,3,'태경자동화',2003,6,23,2478,3126,4895,23),(122,4,52,11,'에스에스월드',2020,7,29,2352,3043,4998,6),(123,2,20,11,'엔티로보틱스',2009,7,24,3117,4977,6741,17),(124,1,41,11,'엘피텍',2020,3,20,3410,5944,7125,6),(125,2,53,11,'실루엣미디어그룹아시아',2010,6,21,2793,4428,6081,16),(126,1,30,3,'에이더블테크놀러지',2012,13,45,2944,4875,6141,14),(127,6,54,11,'와이즈박스',2004,18,45,2827,4534,6032,22),(128,10,31,3,'메디피아이앤씨',2013,3,35,2740,3956,5467,13),(129,7,26,11,'팩스코',2015,3,22,2920,4762,6294,11),(130,1,39,11,'아주실업',1983,14,32,2965,5039,6757,43),(131,11,23,11,'엑스로보',2019,7,19,3613,5894,6694,7),(132,1,42,11,'삼익티엔에이치',2012,22,119,2861,4372,5922,14),(133,8,25,11,'두리씨앤에스',2010,20,52,2955,4232,5729,16),(134,1,27,11,'올더테크',2014,6,16,3747,6687,7351,12),(135,1,1,11,'스마트시스템즈',2021,11,72,2841,4579,6097,5),(136,2,3,11,'로시',2012,5,18,3390,5867,6973,14),(137,13,55,3,'와이지솔루션',2017,0,44,0,0,0,9),(138,7,37,3,'네오피아',1999,12,42,0,0,0,27),(139,12,40,11,'알엔티',2022,6,29,0,0,0,4),(140,1,56,11,'에임폴',2016,4,24,0,0,0,10),(141,3,4,11,'㈜디에스티로봇',1999,0,315,2861,4360,5806,27),(142,3,4,11,'로보로텍',2019,4,15,3282,5749,6962,7),(143,7,23,11,'한국지기',0000,0,19,2817,4240,5776,NULL),(144,8,25,11,'엔아이스퀘어',0000,0,15,2995,4347,5757,NULL),(145,1,13,3,'로아스',2020,31,0,3251,5642,6683,6),(146,1,39,3,'아르고스다인',2018,20,0,2793,4139,5584,8),(147,5,10,3,'그린로보텍',1998,7,13,2960,4248,5821,28),(148,1,56,3,'에스브이',1998,4,10,2870,4602,6480,28),(149,5,10,3,'한컴어썸텍',2018,10,7,2669,3736,5401,8),(150,5,10,3,'키네틱스',2017,0,14,2992,4389,5892,9),(151,2,14,3,'테이슨',2013,10,5,2610,3947,5470,13),(152,8,17,3,'아원기술',2019,6,3,4330,8095,8857,7),(153,4,8,3,'모디',2019,7,14,3244,5903,7323,7),(154,7,21,11,'조은에듀테크',2018,14,13,3332,6317,7610,8),(155,10,57,2,'스토브리코리아',2011,0,0,2061,2813,5162,15),(156,2,58,11,'헬퍼로보틱스',2021,15,0,3295,5766,6856,5),(157,2,9,11,'스튜디오랩',2021,19,1,0,0,0,5),(158,6,23,11,'비욘드허니컴',2020,24,9,0,0,0,6),(159,9,59,11,'시아',2023,5,1,0,0,0,3),(160,1,13,11,'아비만로보랩 주식회사',2023,0,0,0,0,0,3),(161,4,8,3,'로보다인시스템',2018,11,0,2640,4077,5713,8),(162,10,57,11,'크레듀',2018,5,8,2265,2571,6043,8),(163,5,10,3,'마젠타로보틱스',2015,18,11,3167,5684,7183,11),(164,2,28,3,'아카에이아이',2019,4,8,2677,3660,5644,7),(165,2,7,3,'하이제라네트웍스',2021,9,1,3085,5012,6543,5),(166,2,3,11,'쿳션',2022,19,2,2574,3619,5766,4),(167,9,18,3,'알오지스틱스',2023,4,0,2900,4720,6535,3),(168,10,23,3,'킴스트',2020,15,11,2622,3982,5519,6),(169,8,25,11,'제이비소프트',0000,0,0,2555,3507,5570,NULL),(170,2,53,3,'클레빌',2021,3,2,2530,3762,5514,5),(171,7,21,11,'로보웍스',2011,6,1,2773,4135,6128,15),(172,4,8,11,'디웹스',2016,3,3,3148,5467,6770,10),(173,1,1,3,'지엔디비즈',2012,3,12,2381,3190,5439,14),(174,6,60,11,'아디아랩',2019,6,0,3099,4787,6051,7),(175,2,9,11,'에이아이에스',2017,9,0,2694,3876,6032,9),(176,1,30,3,'레디츠',2021,3,3,2442,3023,4991,5),(177,6,17,11,'에스와이이노테크',2015,6,14,0,0,0,11),(178,1,39,3,'페이텀',2002,0,0,0,0,0,24),(179,13,32,11,'제이지파워넷',2018,6,9,0,0,0,8),(180,12,29,11,'따따스튜디오',2014,9,4,0,0,0,12),(181,14,61,11,'아이오테드',2019,11,3,2962,5027,6750,7),(182,8,31,11,'써니팩토리',0000,0,13,2592,3943,6109,NULL),(183,1,1,4,'나란',2009,3,7,2722,3988,5604,17),(184,5,28,11,'디자인리퍼블릭',2013,4,5,3069,4782,6159,13),(185,1,1,11,'넷솔루션',2016,0,2,3994,8256,9288,10),(186,15,62,4,'에프엠',0000,7,0,2867,4600,6732,NULL),(187,1,1,3,'유에이로보틱스',2021,13,4,3022,4619,6314,5),(188,10,17,3,'윔',2021,11,4,3049,5215,7133,5),(189,12,40,3,'라파비',2024,0,0,2940,4241,5918,2),(190,2,63,11,'오토기어드',2023,3,0,2952,4224,5632,3),(191,2,14,3,'에이아이솔텍',2009,6,7,2516,3598,5278,17),(192,1,13,11,'로봇앤모어',2017,10,9,4223,7792,8412,9),(193,12,29,11,'신라정보기술',0000,7,10,4730,8947,9784,NULL),(194,1,30,11,'케이피씨전자',2011,6,8,2543,3285,5373,15),(195,14,61,11,'로보그램인공지능로봇연구소',2020,3,2,2463,3430,5191,6),(196,7,24,11,'로보트론',2007,3,9,0,0,0,19),(197,1,1,3,'주원테크놀러지',2015,12,0,0,0,0,11),(198,8,17,11,'라이트테크',0000,3,5,0,0,0,NULL),(199,2,2,11,'플롯팩토리',2022,7,6,0,0,0,4),(200,12,29,11,'엣눅하다',2011,3,11,0,0,0,15),(201,1,30,3,'아이알로봇',2003,9,0,2976,4292,5643,23),(202,6,23,11,'오랩스',2018,0,3,3508,6723,7717,8),(203,12,29,11,'쓰리에이솔루션즈',2021,4,3,1978,2384,4651,5),(204,16,64,11,'리맵',2020,0,6,3593,5841,6727,6),(205,7,15,3,'에스피엘티',2023,3,0,2595,3897,5289,3),(206,13,65,11,'마린로보틱스',2012,5,5,2032,2747,4975,14),(207,2,20,11,'아프스',2018,5,0,2009,2749,5530,8),(208,1,12,11,'로보그램',2018,3,1,2546,3407,5743,8),(209,15,66,11,'드론메이커스',2020,3,0,2748,3978,5479,6),(210,10,17,11,'네오아크로보틱스',2024,0,0,2563,3457,5769,2),(211,7,37,3,'삼영기술',2017,4,7,0,0,0,9),(212,2,67,11,'티포엘',2017,3,10,0,0,0,9),(213,1,56,11,'절벽의오른쪽',2018,3,0,0,0,0,8),(214,4,52,11,'플로리젠로보틱스',2022,0,1,0,0,0,4),(215,14,68,11,'주신에코솔루션',2018,3,6,0,0,0,8),(216,6,69,11,'주재영에이아이컴퍼니',0000,0,0,0,0,0,NULL),(217,1,12,11,'로보이',2016,5,3,0,0,0,10),(218,9,18,3,'로비텍',2015,5,5,0,0,0,11),(219,11,28,11,'에이티엠솔루션',2014,8,6,0,0,0,12),(220,1,1,11,'내비오닉스코리아',2011,0,0,0,0,0,15),(221,12,29,11,'로보틱박스',2021,9,2,2797,4149,5589,5),(222,5,28,11,'카이렌',2013,0,1,2384,3141,4861,13),(223,12,29,11,'글피',0000,0,7,2792,4233,5633,NULL),(224,1,70,11,'아덴트로봇',2018,7,4,2164,2824,5256,8),(225,2,2,11,'우술',2024,5,0,2806,4462,5957,2),(226,4,71,11,'지능로봇스튜디오',0000,4,7,4626,8045,8303,NULL),(227,7,37,11,'드림가이드컴퍼니',2017,6,6,3052,4925,6452,9),(228,15,72,3,'한아시스템',0000,0,2,2665,4027,5908,NULL),(229,10,73,3,'하이젠파워',2019,0,0,0,0,0,7),(230,6,54,11,'스마트로봇연구소',2017,3,5,0,0,0,9),(231,1,56,11,'이지텍',2010,5,14,0,0,0,16),(232,5,10,11,'무브투',2021,4,6,0,0,0,5),(233,1,13,11,'디로펫',2021,3,2,0,0,0,5),(234,1,30,11,'에이치오엔터테인먼트',2016,7,4,0,0,0,10),(235,7,37,3,'프렉시온',2020,3,2,0,0,0,6),(236,10,74,11,'에프티 드론',0000,0,1,0,0,0,NULL),(237,1,49,11,'쉐프로봇테크',0000,0,0,0,0,0,NULL),(238,14,61,11,'씨앤플러스',2012,3,2,0,0,0,14),(239,6,23,11,'에스에이치로보틱스',0000,0,7,0,0,0,NULL),(240,1,39,11,'아이피엠로보틱스',2024,7,0,0,0,0,2),(241,6,60,11,'에스아이웨어',2018,5,15,4471,7677,7990,8),(242,8,17,11,'워킨위드',0000,0,3,2358,3312,5686,NULL),(243,2,20,11,'한국영상솔루션',2015,0,14,2636,3644,5308,11),(244,5,75,11,'도안앤텍',2018,3,5,2117,2756,5019,8),(245,17,96,11,'주비스',2021,3,2,2397,3183,4777,5),(246,10,57,11,'에스에스알',2015,5,11,3927,7101,7682,11),(247,1,1,11,'마인드로',2021,5,1,2683,3876,5708,5),(248,4,52,11,'두이엔지',2021,5,10,2542,3104,5342,5),(249,7,37,11,'새비로보틱스',2022,3,0,3056,5231,6746,4),(250,2,76,11,'디앤씨',2020,8,10,2639,4126,6223,6),(251,2,77,11,'로닉',2022,7,0,3241,5333,6176,4),(252,1,13,11,'다비다',2019,0,0,2528,3055,5317,7),(253,5,10,11,'에프티에스',2022,5,8,2974,5077,6777,4),(254,1,30,11,'세종뉴텍',2016,3,1,0,0,0,10),(255,2,78,11,'에스제이워터테크',2021,9,0,0,0,0,5),(256,1,79,11,'드림로보',0000,0,1,0,0,0,NULL),(257,8,17,11,'아이티융합교육개발원',2022,4,2,0,0,0,4),(258,1,80,11,'넥스젠',0000,0,8,0,0,0,NULL),(259,5,10,11,'유니아이',2021,11,4,0,0,0,5),(260,1,39,11,'바이클립',2020,0,0,0,0,0,6),(261,2,11,11,'산타마리아(SantaMaria)',0000,0,4,2465,3264,5025,NULL),(262,10,21,11,'이스타이엔지',2021,6,13,3002,4612,5690,5),(263,8,17,4,'이드엠',2005,8,8,2108,2920,5099,21),(264,8,17,11,'가온아이티',0000,4,2,3716,6342,7219,NULL),(265,1,70,11,'일렉테크코리아',2015,3,2,2534,3776,5521,11),(266,7,21,11,'르호봇알브이엠',2023,4,0,2497,3536,5246,3),(267,5,75,11,'시드크래프트',2022,4,3,3636,6885,7451,4),(268,6,60,11,'엘디에이치',2021,6,11,2584,3863,5495,5),(269,5,10,3,'엠엔지',2017,0,0,1948,2322,4626,9),(270,12,29,3,'어반시드디자인협동조합',2018,4,0,2658,3790,5290,8),(271,2,67,11,'니즈로봇',2021,3,1,0,0,0,5),(272,2,7,11,'피앤엘글로벌',2019,5,10,0,0,0,7),(273,2,20,3,'로보플래닛',2011,0,9,0,0,0,15),(274,1,39,11,'링크투',2015,3,2,0,0,0,11),(275,17,96,11,'베이스스톤',2018,3,0,0,0,0,8),(276,2,78,11,'영산수도건설',2004,8,4,0,0,0,22),(277,1,1,11,'알이랩',2021,7,1,0,0,0,5),(278,2,78,11,'신진기술',2006,6,8,0,0,0,20),(279,12,40,3,'쓰리코엔지니어링',2019,0,14,0,0,0,7),(280,10,73,11,'엔에스로보텍',2020,5,4,0,0,0,6),(281,1,30,11,'세이프티랩',2018,9,4,2730,3928,5695,8),(282,2,7,11,'테파로보틱스',2023,5,0,2634,4054,5581,3),(283,12,81,11,'에이콘',2020,4,3,2980,5093,6637,6),(284,3,4,11,'이팩토리',0000,0,3,2492,3166,5033,NULL),(285,2,63,3,'리겔',2008,0,5,0,0,0,18),(286,1,33,11,'대덕로보트',2016,0,1,0,0,0,10),(287,11,28,11,'에스티앤아이',0000,0,6,0,0,0,NULL),(288,2,20,11,'스마트시스템',2018,0,0,0,0,0,8),(289,1,1,11,'모스트아이텍',2001,0,0,0,0,0,25),(290,8,17,11,'포어사이트',0000,3,2,0,0,0,NULL),(291,2,9,11,'더린킨',2018,0,2,0,0,0,8),(292,1,13,11,'디와이오토메이션',2024,5,0,0,0,0,2),(293,1,80,11,'엘로이텍',2024,0,0,0,0,0,2),(294,1,82,11,'지노테크',0000,0,3,0,0,0,NULL),(295,10,31,11,'케이브',2017,0,0,0,0,0,9),(296,3,4,11,'짓필라엠',2023,0,0,0,0,0,3),(297,5,10,11,'비앤디',0000,0,0,0,0,0,NULL),(298,5,21,11,'도아로보틱스',2023,0,0,0,0,0,3),(299,7,26,11,'디티패스',2020,5,4,0,0,0,6),(300,6,60,11,'지능디자인',2018,6,8,0,0,0,8),(301,15,83,11,'효원',0000,0,8,2792,4476,6509,NULL),(302,1,84,11,'에이원랩',0000,0,0,2482,3138,5018,NULL),(303,8,17,11,'지플레인',2013,0,6,2446,3035,4965,13),(304,6,2,11,'어반솔루션',2022,4,0,3354,5536,6542,4),(305,1,41,11,'themasters',0000,0,3,0,0,0,NULL),(306,6,2,11,'로그틱스',2020,3,2,0,0,0,6),(307,1,30,3,'이로보텍',2017,7,11,0,0,0,9),(308,9,35,11,'거산테크',2017,8,4,0,0,0,9),(309,1,80,11,'스카이로보',0000,0,4,0,0,0,NULL),(310,5,10,11,'씨에스랩',2015,0,3,0,0,0,11),(311,1,80,11,'에스엔소프트',2015,4,1,0,0,0,11),(312,10,23,11,'모두의VR',0000,0,0,0,0,0,NULL),(313,2,6,11,'모멘텀스카이',2015,0,0,0,0,0,11),(314,5,10,3,'아이알씨',2017,0,1,0,0,0,9),(315,1,27,11,'에듀로봇',2022,4,1,0,0,0,4),(316,1,12,11,'라임랩',2017,0,1,0,0,0,9),(317,1,41,11,'두성씨엔에이',2019,3,0,0,0,0,7),(318,7,15,11,'미담하이웍스',2019,0,0,0,0,0,7),(319,5,10,11,'피두스젠',2018,4,2,0,0,0,8),(320,1,41,11,'라온네트웍스',2016,0,3,0,0,0,10),(321,1,39,11,'러닝퓨처',2021,3,0,0,0,0,5),(322,2,20,11,'제이알씨',2000,0,1,0,0,0,26),(323,7,37,11,'스터디랜드',0000,0,0,0,0,0,NULL),(324,3,85,11,'다빈치창의융합연구소',0000,0,2,0,0,0,NULL),(325,5,10,11,'어크로스페이스에듀',2022,0,0,0,0,0,4),(326,1,34,11,'에이치엑스',0000,0,0,0,0,0,NULL),(327,13,86,11,'도우마리',2019,0,3,0,0,0,7),(328,1,33,11,'디봄',0000,0,0,0,0,0,NULL),(329,13,87,11,'오렌지',2018,3,2,0,0,0,8),(330,1,88,11,'미래항공기술',2016,0,0,0,0,0,10),(331,2,76,11,'오토르',0000,0,0,0,0,0,NULL),(332,17,96,11,'아이오티테크',2019,0,2,0,0,0,7),(333,4,8,11,'한국농업기술지주',2017,0,11,0,0,0,9),(334,6,2,11,'동아F.A',0000,0,2,0,0,0,NULL),(335,9,18,11,'스티그마',2024,3,0,0,0,0,2),(336,5,21,11,'예솜',2024,0,0,0,0,0,2),(337,9,18,11,'핸드메이드',0000,0,0,0,0,0,NULL),(338,6,19,11,'에이아이그릭',0000,0,0,0,0,0,NULL),(339,1,30,11,'에스엠제이',2011,0,0,0,0,0,15),(340,5,10,11,'나우닷',2015,3,8,0,0,0,11),(341,12,29,11,'보라',2014,3,0,0,0,0,12),(342,2,76,11,'꿈나무이야기',0000,0,1,0,0,0,NULL),(343,1,80,11,'윈드로로보틱스',0000,0,0,0,0,0,NULL),(344,12,29,11,'홍익팜',0000,0,0,0,0,0,NULL),(345,1,27,11,'누빈다Nuvinda',0000,0,0,0,0,0,NULL),(346,2,7,3,'유캔맥스',0000,0,0,0,0,0,NULL),(347,14,61,11,'에이엔케이이노베이션',2022,0,1,0,0,0,4),(348,12,29,11,'월드지엔유',0000,0,0,0,0,0,NULL),(349,1,1,11,'스팀메이커',0000,0,0,0,0,0,NULL),(350,7,21,11,'인공지능과사람들',2017,0,0,0,0,0,9),(351,2,20,11,'티엑스솔루션',0000,0,1,0,0,0,NULL),(352,17,96,11,'이지정보통신',0000,0,4,0,0,0,NULL),(353,5,10,11,'에스앤제이',0000,0,2,0,0,0,NULL),(354,12,29,11,'케이제이피기술',0000,0,1,0,0,0,NULL),(355,1,12,11,'에스브이티',2023,3,0,0,0,0,3),(356,1,56,11,'월넛',2019,0,0,0,0,0,7),(357,13,48,11,'스카이드림',2022,0,0,0,0,0,4),(358,7,37,11,'제로클래스랩',2020,0,0,0,0,0,6),(359,6,2,11,'케이디엔알',2022,5,0,0,0,0,4),(360,6,2,11,'에이치엔알',0000,3,0,0,0,0,NULL),(361,8,17,11,'노아랩',0000,0,0,0,0,0,NULL),(362,8,21,11,'더컬쳐',0000,0,0,0,0,0,NULL),(363,8,25,11,'다올메이커스',0000,0,0,0,0,0,NULL),(364,2,20,11,'애그리펑션',0000,0,0,0,0,0,NULL),(365,15,62,11,'한다코퍼레이션',2023,0,0,0,0,0,3),(366,2,20,11,'가든테크',2024,0,0,0,0,0,2),(367,3,4,11,'시냅로봇',2022,5,0,0,0,0,4),(368,1,34,11,'제이엘유',2022,0,0,0,0,0,4),(369,14,89,11,'리크라',2024,0,0,0,0,0,2),(370,1,1,3,'에코트로닉스',0000,90,0,0,0,0,NULL),(371,1,1,2,'로보케어',0000,43,0,0,0,0,NULL),(372,5,10,3,'라이온로보틱스',0000,7,0,0,0,0,NULL),(373,2,7,6,'RGA Inc.',0000,4,0,0,0,0,NULL),(374,2,6,2,'아이아이컴바인드',0000,825,0,0,0,0,NULL),(375,2,7,2,'대동모빌리티',0000,408,0,0,0,0,NULL),(376,1,1,6,'로보터스',0000,20,0,0,0,0,NULL),(377,10,17,3,'영현로보틱스',0000,6,0,0,0,0,NULL),(378,2,53,1,'지아이티',0000,255,0,0,0,0,NULL),(379,1,1,3,'세종교육',0000,14,0,0,0,0,NULL),(380,1,1,2,'하이비젼시스템',0000,0,0,0,0,0,NULL),(381,1,27,11,'경기도일자리재단',0000,0,0,0,0,0,NULL),(382,1,1,1,'한화로보틱스',0000,120,0,0,0,0,NULL),(383,2,2,9,'로보티즈',0000,159,0,0,0,0,NULL),(384,1,1,6,'플라잎',0000,0,0,0,0,0,NULL),(385,2,90,6,'메디스비',0000,4,0,0,0,0,NULL),(386,1,42,3,'엔케이알',0000,26,0,0,0,0,NULL),(387,2,3,6,'토르드라이브',0000,40,0,0,0,0,NULL),(388,7,37,11,'유진로봇',0000,0,0,0,0,0,NULL),(389,2,7,3,'모빌테크',0000,112,0,0,0,0,NULL),(390,7,15,7,'엔티렉스',0000,130,0,0,0,0,NULL),(391,1,1,3,'리브스메드',0000,154,0,0,0,0,NULL),(392,2,20,3,'애드인에듀',0000,10,0,0,0,0,NULL),(393,9,59,11,'폴라리스쓰리디',0000,0,0,0,0,0,NULL),(394,1,13,11,'태경전자',0000,0,0,0,0,0,NULL),(395,2,6,11,'고레로보틱스',0000,0,0,0,0,0,NULL),(396,9,59,3,'와이즈교육',0000,33,0,0,0,0,NULL),(397,5,10,11,'레인보우로보틱스',0000,0,0,0,0,0,NULL),(398,7,37,3,'에이블랩스',0000,21,0,0,0,0,NULL),(399,2,2,3,'내비간티스코리아',0000,12,0,0,0,0,NULL),(400,15,62,3,'씨메스',0000,149,0,0,0,0,NULL),(401,7,24,3,'나우로보틱스',0000,59,0,0,0,0,NULL),(402,1,1,8,'한국폴리텍대학분당융합기술교육원',0000,24,0,0,0,0,NULL),(403,7,24,3,'인아텍앤코포',0000,70,0,0,0,0,NULL),(404,5,75,3,'에스티이씨',0000,5,0,0,0,0,NULL),(405,2,20,7,'하이텍알씨디코리아',0000,37,0,0,0,0,NULL),(406,1,13,3,'칼만텍',0000,8,0,0,0,0,NULL),(407,5,10,3,'티라로보틱스',0000,44,0,0,0,0,NULL),(408,1,13,11,'로아스',0000,0,0,0,0,0,NULL),(409,1,1,2,'가온브로드밴드',0000,134,0,0,0,0,NULL),(410,1,1,3,'큐라코',0000,0,0,0,0,0,NULL),(411,1,1,11,'와따에이아이',0000,0,0,0,0,0,NULL),(412,1,27,11,'이엘피',0000,0,0,0,0,0,NULL),(413,1,1,7,'슈어소프트테크',0000,440,0,0,0,0,NULL),(414,2,9,10,'현대오토에버',0000,444,0,0,0,0,NULL),(415,1,12,7,'덴티움',0000,860,0,0,0,0,NULL),(416,1,27,7,'시스윈로보틱스',0000,70,0,0,0,0,NULL),(417,1,88,3,'코아텍',0000,80,0,0,0,0,NULL),(418,1,1,7,'여의시스템',0000,82,0,0,0,0,NULL),(419,1,13,3,'두림야스카와',0000,105,0,0,0,0,NULL),(420,1,1,7,'앤씨앤',0000,146,0,0,0,0,NULL),(421,17,96,1,'코웨이',0000,207,0,0,0,0,NULL),(422,2,76,3,'엘로이랩',0000,26,0,0,0,0,NULL),(423,6,91,11,'바이트사이즈',0000,0,0,0,0,0,NULL),(424,2,9,11,'빅웨이브로보틱스',0000,0,0,0,0,0,NULL),(425,2,7,3,'나비프라',0000,60,0,0,0,0,NULL),(426,7,37,6,'알티올',0000,41,0,0,0,0,NULL),(427,1,27,3,'시스윈모빌리티',0000,17,0,0,0,0,NULL),(428,2,9,6,'씨드로닉스',0000,40,0,0,0,0,NULL),(429,13,32,3,'에스엠소프트',0000,28,0,0,0,0,NULL),(430,2,2,8,'대한상공회의소 서울기술교육센터',0000,200,0,0,0,0,NULL),(431,2,53,6,'테오시스',0000,20,0,0,0,0,NULL),(432,2,9,3,'로보에테크놀로지',0000,19,0,0,0,0,NULL),(433,2,53,11,'엑스와이지로보틱스코리아 유한회사',0000,1,0,0,0,0,NULL),(434,1,70,3,'에이아이엠',0000,26,0,0,0,0,NULL),(435,7,92,7,'씨트론 ',0000,49,0,0,0,0,NULL),(436,1,30,3,'하이버스이앤씨',0000,8,0,0,0,0,NULL),(437,1,39,3,'에스티에스',0000,70,0,0,0,0,NULL),(438,2,9,6,'퀀텀에어로',0000,10,0,0,0,0,NULL),(439,2,20,6,'알지티',0000,30,0,0,0,0,NULL),(440,5,10,3,'피지오닉스',0000,7,0,0,0,0,NULL),(441,1,56,6,'에이로봇',0000,19,0,0,0,0,NULL),(442,7,24,3,'쉐코',0000,14,0,0,0,0,NULL),(443,2,14,11,'크래블',0000,0,0,0,0,0,NULL),(444,1,13,3,'퓨전테크놀로지',0000,18,0,0,0,0,NULL),(445,1,30,3,'아이에스피',0000,10,0,0,0,0,NULL),(446,7,24,7,'애니모션텍',0000,60,0,0,0,0,NULL),(447,1,93,7,'아테코',0000,90,0,0,0,0,NULL),(448,2,53,11,'럭스피엠',0000,22,0,0,0,0,NULL),(449,7,37,3,'에이블랩스(ABLE Labs Inc.)',0000,21,0,0,0,0,NULL),(450,7,26,6,'에니아이',0000,46,0,0,0,0,NULL),(451,2,76,3,'델타엑스',0000,40,0,0,0,0,NULL),(452,7,37,7,'브릴스',0000,80,0,0,0,0,NULL),(453,1,27,7,'넥스틴',0000,105,0,0,0,0,NULL),(454,2,76,3,'지아이웍스',0000,19,0,0,0,0,NULL),(455,1,27,11,'하이퍼오토메이션',0000,0,0,0,0,0,NULL),(456,2,7,3,'포디아이비젼',0000,22,0,0,0,0,NULL),(457,2,9,7,'지뉴소프트',0000,46,0,0,0,0,NULL),(458,1,56,3,'프리콘',0000,6,0,0,0,0,NULL),(459,1,94,3,'아이로',0000,1,0,0,0,0,NULL),(460,1,1,3,'와이즈에이아이',0000,62,0,0,0,0,NULL),(461,2,76,7,'파익스',0000,18,0,0,0,0,NULL),(462,12,29,7,'영풍전자',0000,249,0,0,0,0,NULL),(463,2,3,6,'씨메트',0000,0,0,0,0,0,NULL),(464,1,39,2,'한국브룩스오토메이션',0000,200,0,0,0,0,NULL),(465,1,1,7,'큐버',0000,55,0,0,0,0,NULL),(466,1,13,7,'오키',0000,46,0,0,0,0,NULL),(467,7,21,7,'디비엔텍',0000,22,0,0,0,0,NULL),(468,2,20,3,'바리코리아',0000,25,0,0,0,0,NULL),(469,1,27,3,'너츠앤씨웨이',0000,30,0,0,0,0,NULL),(470,2,2,3,'캐리마',0000,42,0,0,0,0,NULL),(471,7,21,6,'메타빈스',0000,9,0,0,0,0,NULL),(472,1,13,11,'크레템',0000,0,0,0,0,0,NULL),(473,1,34,3,'뷰케이코리아',0000,45,0,0,0,0,NULL),(474,2,53,3,'니어스랩',0000,86,0,0,0,0,NULL),(475,6,69,3,'지비넷',0000,1,0,0,0,0,NULL),(476,1,27,7,'싸이맥스',0000,213,0,0,0,0,NULL),(477,15,95,3,'애드인소프트',0000,2,0,0,0,0,NULL),(478,1,1,3,'비밀리',0000,24,0,0,0,0,NULL),(479,1,1,11,'보스반도체',0000,0,0,0,0,0,NULL),(480,2,7,11,'아이브',0000,0,0,0,0,0,NULL),(481,2,76,6,'벤디트',0000,36,0,0,0,0,NULL),(482,2,3,7,'피앤에스미캐닉스',0000,20,0,0,0,0,NULL),(483,1,1,6,'메뉴톡',0000,10,0,0,0,0,NULL),(484,1,12,3,'인피닉',0000,336,0,0,0,0,NULL),(485,1,1,6,'모벤시스',0000,50,0,0,0,0,NULL),(486,1,13,11,'에이딘로보틱스',0000,0,0,0,0,0,NULL),(487,1,1,11,'3D센서 기반의 머신비전 연구 전문기업',0000,0,0,0,0,0,NULL),(488,2,77,11,'대기업',0000,0,0,0,0,0,NULL),(489,1,96,11,'대동에크테크',0000,0,0,0,0,0,NULL),(490,10,73,11,'잡뉴스솔로몬서치',0000,0,0,0,0,0,NULL),(491,10,17,3,'에어스',0000,0,0,2819,4509,6114,NULL),(492,1,1,3,'베스텔라랩',2018,36,60,2915,4753,6305,8),(493,15,62,11,'옵트에이아이',2021,19,3,2959,5017,6745,5),(494,9,97,4,'유토시스',0000,0,0,3519,6166,7523,NULL),(495,2,7,3,'스파크엑스',2020,11,15,3500,6342,7372,6),(496,7,37,3,'에이피텍',2005,144,988,3807,7072,7856,21),(497,1,1,3,'에이텍오토',2022,89,258,3608,6824,7734,4),(498,17,96,3,'디아이티',2005,205,0,3372,6000,7217,21),(499,10,57,3,'잇츠센서',2023,10,0,3151,5452,6582,3),(500,12,29,3,'로보터블',2020,9,11,2449,3219,5002,6),(501,12,47,11,'라이브워크',2020,8,11,2555,3464,5468,6),(502,10,74,3,'로보아이',2019,9,14,2708,3864,5421,7),(503,9,35,4,'에스엠아이',2010,18,88,2943,4780,6234,16),(504,1,12,3,'비전메카',2020,12,24,3646,6285,6973,6),(505,1,12,3,'제이디',2006,47,153,2936,4858,6368,20),(506,2,9,3,'엑스오비스',2000,81,299,2990,5160,6634,26),(507,1,1,3,'에프에스솔루션',2015,14,16,4003,8285,9305,11),(508,2,20,3,'이모션텍',0000,0,0,4793,9175,9510,NULL),(509,10,74,3,'유엔디',2013,20,182,2674,4183,5771,13),(510,2,20,3,'뮤텍코리아',2000,64,142,3507,6163,7301,26),(511,10,17,3,'코트라스',1999,18,14,2624,3991,5675,27),(512,1,39,3,'알씨테크',2019,21,15,4032,7770,8705,7),(513,11,23,4,'아이티엔제이',2015,19,26,2916,4881,6623,11),(514,7,21,3,'에이트테크',2020,44,0,3074,5238,6617,6),(515,7,37,1,'경신',1974,936,25000,3847,8579,8946,52),(516,1,27,2,'레이언스',2011,228,0,3513,5758,7373,15),(517,1,1,3,'에브리봇',2015,83,0,3024,5115,6749,11),(518,5,10,4,'휴비스',2009,147,460,3473,6340,7300,17),(519,1,27,11,'테크윙',2002,0,0,3203,5839,7222,24),(520,2,14,3,'엔바이어스',2020,12,0,3423,5982,7031,6),(521,1,1,3,'밸류플러스테크놀러지',2017,62,20,3238,5626,6891,9),(522,1,27,3,'다스코리아',2004,104,538,3095,5369,6625,22),(523,1,39,4,'로봇앤드디자인',1999,154,519,3669,6550,7338,27),(524,17,96,4,'아이오크롭스',2018,0,0,3048,5356,6948,8),(525,5,10,3,'와이파워원',2018,18,16,3919,7092,7843,8),(526,1,12,3,'프레스토솔루션',2010,43,272,4314,8060,8928,16),(527,2,3,3,'모핑아이',2021,11,20,2806,4464,6368,5),(528,1,1,4,'미스터마인드',2017,5,11,3051,5215,6981,9),(529,1,80,3,'테스콤',1995,154,201,3522,6197,7560,31),(530,1,34,11,'씨에이',2019,3,15,2935,4750,6135,7),(531,2,9,3,'씨유박스',2010,126,141,3319,6155,7603,16),(532,3,5,11,'두원전자',1987,0,978,3587,6554,7297,39),(533,11,23,5,'울산대학교산학협력단',2004,419,867,2514,3811,5390,22),(534,1,27,4,'화인코왁',1992,24,36,2826,4266,5749,34),(535,7,37,3,'크레셈',2014,76,168,3443,6324,7684,12),(536,1,1,3,'오토엘',2021,28,4,3628,6869,8046,5),(537,2,9,3,'에이치알캡',2008,3,0,2974,5029,6532,18),(538,10,57,3,'아이로바',2014,17,16,3249,5733,6825,12),(539,1,82,4,'쎄믹스',2009,278,1,3639,6924,8095,17),(540,10,17,3,'드림에이스',2015,53,39,3783,7613,8817,11),(541,17,96,3,'시에라베이스',2019,25,19,3300,6077,7421,7),(542,17,96,4,'울랄라랩',0000,0,0,3120,5421,7199,NULL),(543,1,39,3,'위고로보틱스',0000,0,0,2486,3696,5155,NULL),(544,9,97,3,'엘라인',2023,47,65,3135,5410,6716,3);
/*!40000 ALTER TABLE `company_info` ENABLE KEYS */;
UNLOCK TABLES;

--
-- Table structure for table `education_info`
--

DROP TABLE IF EXISTS `education_info`;
/*!40101 SET @saved_cs_client     = @@character_set_client */;
/*!50503 SET character_set_client = utf8mb4 */;
CREATE TABLE `education_info` (
  `education_id` int NOT NULL,
  `education` varchar(16) DEFAULT NULL,
  PRIMARY KEY (`education_id`)
) ENGINE=InnoDB DEFAULT CHARSET=utf8mb4 COLLATE=utf8mb4_0900_ai_ci;
/*!40101 SET character_set_client = @saved_cs_client */;

--
-- Dumping data for table `education_info`
--

LOCK TABLES `education_info` WRITE;
/*!40000 ALTER TABLE `education_info` DISABLE KEYS */;
INSERT INTO `education_info` VALUES (1,'대졸이상'),(2,'초대졸이상'),(3,'학력무관'),(4,'석사이상'),(5,'박사이상'),(6,'고졸이상'),(7,'정보없음');
/*!40000 ALTER TABLE `education_info` ENABLE KEYS */;
UNLOCK TABLES;

--
-- Table structure for table `essential_tech`
--

DROP TABLE IF EXISTS `essential_tech`;
/*!40101 SET @saved_cs_client     = @@character_set_client */;
/*!50503 SET character_set_client = utf8mb4 */;
CREATE TABLE `essential_tech` (
  `essential_tech_id` int NOT NULL AUTO_INCREMENT,
  `recruit_id` int DEFAULT NULL,
  `tech_id` int DEFAULT NULL,
  PRIMARY KEY (`essential_tech_id`),
  KEY `FK_essential_recruit_id` (`recruit_id`),
  KEY `FK_essential_tech_id` (`tech_id`),
  CONSTRAINT `FK_essential_recruit_id` FOREIGN KEY (`recruit_id`) REFERENCES `recruit_info` (`recruit_id`),
  CONSTRAINT `FK_essential_tech_id` FOREIGN KEY (`tech_id`) REFERENCES `tech_info` (`tech_id`)
) ENGINE=InnoDB AUTO_INCREMENT=574 DEFAULT CHARSET=utf8mb4 COLLATE=utf8mb4_0900_ai_ci;
/*!40101 SET character_set_client = @saved_cs_client */;

--
-- Dumping data for table `essential_tech`
--

LOCK TABLES `essential_tech` WRITE;
/*!40000 ALTER TABLE `essential_tech` DISABLE KEYS */;
INSERT INTO `essential_tech` VALUES (1,1,18),(2,1,75),(3,1,93),(4,2,74),(5,2,105),(6,3,16),(7,3,18),(8,3,54),(9,4,16),(10,4,18),(11,4,54),(12,4,42),(13,5,16),(14,5,18),(15,5,75),(16,6,16),(17,6,18),(18,6,55),(19,6,75),(20,6,83),(21,7,17),(22,7,18),(23,7,59),(24,7,75),(25,7,40),(26,7,83),(27,7,114),(28,9,17),(29,10,93),(30,10,83),(31,10,42),(32,11,16),(33,11,18),(34,12,17),(35,12,18),(36,12,75),(37,14,18),(38,15,16),(39,15,18),(40,15,75),(41,16,18),(42,16,75),(43,16,83),(44,18,18),(45,20,18),(46,22,16),(47,22,18),(48,22,54),(49,23,16),(50,23,17),(51,23,18),(52,23,59),(53,23,68),(54,23,75),(55,23,54),(56,23,33),(57,24,16),(58,24,18),(59,24,75),(60,25,18),(61,25,54),(62,25,108),(63,25,42),(64,25,12),(65,25,99),(66,26,16),(67,26,17),(68,26,18),(69,26,56),(70,27,83),(71,27,93),(72,28,16),(73,28,18),(74,28,75),(75,29,75),(76,31,16),(77,31,18),(78,31,75),(79,32,16),(80,32,18),(81,32,48),(82,32,75),(83,33,18),(84,33,83),(85,33,83),(86,33,54),(87,33,32),(88,33,42),(89,34,54),(90,34,32),(91,34,42),(92,34,24),(93,34,98),(94,35,17),(95,35,57),(96,35,92),(97,35,37),(98,36,16),(99,36,18),(100,36,75),(101,36,83),(102,36,83),(103,36,42),(104,36,93),(105,37,18),(106,37,83),(107,37,83),(108,37,54),(109,37,32),(110,37,42),(111,37,24),(112,38,16),(113,38,18),(114,38,48),(115,38,54),(116,39,18),(117,39,4),(118,39,16),(119,39,83),(120,39,90),(121,40,83),(122,40,18),(123,40,17),(124,40,68),(125,40,77),(126,40,89),(127,41,16),(128,41,18),(129,41,42),(130,41,75),(131,41,74),(132,41,105),(133,41,54),(134,41,28),(135,42,17),(136,42,18),(137,42,111),(138,42,58),(139,42,22),(140,43,18),(141,43,16),(142,43,75),(143,43,48),(144,43,83),(145,43,54),(146,44,75),(147,44,16),(148,44,18),(149,44,55),(150,45,16),(151,45,18),(152,45,54),(153,45,33),(154,46,56),(155,47,54),(156,47,16),(157,47,18),(158,47,54),(159,47,75),(160,48,18),(161,48,54),(162,49,16),(163,49,18),(164,49,42),(165,50,56),(166,52,16),(167,52,18),(168,52,42),(169,53,18),(170,53,16),(171,53,93),(172,54,18),(173,54,17),(174,54,75),(175,54,54),(176,54,33),(177,55,16),(178,55,18),(179,55,33),(180,56,18),(181,56,75),(182,56,83),(183,57,83),(184,58,18),(185,58,68),(186,58,59),(187,58,17),(188,58,45),(189,58,60),(190,59,16),(191,59,56),(192,60,4),(193,60,59),(194,60,68),(195,60,27),(196,60,60),(197,61,18),(198,61,75),(199,63,18),(200,63,75),(201,63,17),(202,64,16),(203,64,18),(204,64,33),(205,65,16),(206,65,18),(207,65,83),(208,65,75),(209,66,17),(210,66,18),(211,66,48),(212,66,62),(213,66,70),(214,66,72),(215,66,75),(216,66,92),(217,66,37),(218,68,83),(219,68,93),(220,68,75),(221,68,74),(222,69,17),(223,71,17),(224,71,1),(225,71,110),(226,71,111),(227,72,16),(228,72,18),(229,72,75),(230,73,56),(231,73,7),(232,73,71),(233,73,16),(234,73,18),(235,73,29),(236,74,56),(237,74,83),(238,74,18),(239,74,75),(240,75,16),(241,75,17),(242,75,18),(243,75,33),(244,76,16),(245,76,18),(246,76,75),(247,76,54),(248,76,55),(249,76,105),(250,76,68),(251,78,18),(252,78,17),(253,78,54),(254,79,18),(255,79,75),(256,80,56),(257,80,16),(258,80,17),(259,80,18),(260,81,83),(261,82,18),(262,82,75),(263,83,17),(264,83,75),(265,83,105),(266,83,54),(267,84,16),(268,84,18),(269,84,75),(270,84,17),(271,85,18),(272,85,75),(273,85,17),(274,85,1),(275,85,105),(276,85,112),(277,87,18),(278,87,75),(279,88,18),(280,88,75),(281,88,17),(282,88,1),(283,88,105),(284,88,112),(285,88,74),(286,89,43),(287,92,42),(288,92,51),(289,92,54),(290,92,33),(291,94,83),(292,94,54),(293,95,42),(294,95,48),(295,95,62),(296,95,54),(297,95,70),(298,96,18),(299,96,83),(300,96,16),(301,96,93),(302,97,74),(303,98,48),(304,98,54),(305,101,75),(306,101,18),(307,101,17),(308,102,83),(309,102,11),(310,102,85),(311,103,16),(312,103,18),(313,103,54),(314,105,2),(315,105,3),(316,105,18),(317,106,54),(318,106,16),(319,106,18),(320,106,75),(321,107,2),(322,107,3),(323,108,17),(324,108,6),(325,108,111),(326,109,75),(327,110,75),(328,110,18),(329,110,17),(330,111,18),(331,113,18),(332,113,75),(333,113,48),(334,114,54),(335,114,83),(336,115,33),(337,115,42),(338,115,16),(339,115,18),(340,116,33),(341,116,42),(342,116,16),(343,116,18),(344,117,33),(345,117,42),(346,117,16),(347,117,18),(348,118,18),(349,118,75),(350,118,83),(351,118,93),(352,120,33),(353,120,16),(354,121,18),(355,121,17),(356,124,17),(357,126,75),(358,127,2),(359,127,3),(360,128,16),(361,128,17),(362,128,18),(363,128,75),(364,128,54),(365,128,103),(366,128,94),(367,129,17),(368,130,16),(369,130,18),(370,130,54),(371,130,10),(372,131,16),(373,131,18),(374,131,33),(375,131,54),(376,131,84),(377,132,18),(378,132,75),(379,133,18),(380,133,17),(381,133,1),(382,134,54),(383,135,16),(384,135,18),(385,135,5),(386,135,33),(387,136,33),(388,136,16),(389,136,18),(390,137,18),(391,137,17),(392,138,16),(393,138,18),(394,138,42),(395,139,17),(396,140,16),(397,140,18),(398,140,33),(399,140,54),(400,140,84),(401,141,54),(402,141,75),(403,141,16),(404,141,18),(405,142,18),(406,142,54),(407,142,42),(408,143,16),(409,143,33),(410,143,83),(411,143,54),(412,143,93),(413,144,16),(414,144,18),(415,148,17),(416,148,18),(417,148,75),(418,149,18),(419,149,75),(420,149,17),(421,150,2),(422,150,3),(423,150,18),(424,151,18),(425,151,48),(426,151,75),(427,151,54),(428,153,2),(429,153,3),(430,153,17),(431,153,18),(432,153,54),(433,155,16),(434,155,18),(435,155,75),(436,155,83),(437,158,18),(438,158,75),(439,158,17),(440,159,17),(441,159,18),(442,159,75),(443,160,16),(444,160,56),(445,161,18),(446,161,17),(447,162,17),(448,163,18),(449,163,17),(450,165,83),(451,167,56),(452,167,84),(453,167,14),(454,168,16),(455,168,18),(456,168,75),(457,170,18),(458,170,75),(459,170,83),(460,172,75),(461,172,16),(462,172,18),(463,174,5),(464,174,16),(465,174,18),(466,175,17),(467,175,74),(468,175,105),(469,175,68),(470,176,2),(471,176,3),(472,176,18),(473,177,75),(474,177,16),(475,177,18),(476,177,68),(477,178,54),(478,178,16),(479,178,18),(480,178,75),(481,179,18),(482,179,16),(483,180,33),(484,180,84),(485,183,16),(486,183,18),(487,183,59),(488,183,17),(489,184,48),(490,184,18),(491,184,8),(492,184,17),(493,184,4),(494,186,33),(495,186,84),(496,189,42),(497,189,75),(498,189,8),(499,190,33),(500,190,84),(501,191,16),(502,191,18),(503,191,75),(504,192,105),(505,192,74),(506,194,17),(507,194,75),(508,194,68),(509,195,16),(510,195,18),(511,195,83),(512,197,75),(513,197,16),(514,197,18),(515,198,75),(516,198,18),(517,198,16),(518,198,48),(519,199,16),(520,199,18),(521,199,75),(522,199,48),(523,200,93),(524,200,16),(525,200,18),(526,201,42),(527,201,75),(528,201,8),(529,202,18),(530,202,75),(531,202,83),(532,202,93),(533,203,56),(534,204,75),(535,204,16),(536,204,18),(537,204,33),(538,205,18),(539,205,75),(540,206,83),(541,206,83),(542,206,54),(543,206,32),(544,206,42),(545,206,18),(546,207,54),(547,207,32),(548,207,42),(549,207,98),(550,208,83),(551,208,83),(552,208,54),(553,208,32),(554,208,42),(555,208,18),(556,209,33),(557,209,95),(558,209,84),(559,209,77),(560,209,42),(561,209,54),(562,209,51),(563,209,88),(564,210,54),(565,210,56),(566,210,15),(567,210,19),(568,210,106),(569,211,18),(570,211,75),(571,213,108),(572,213,31),(573,213,78);
/*!40000 ALTER TABLE `essential_tech` ENABLE KEYS */;
UNLOCK TABLES;

--
-- Table structure for table `gungu_type`
--

DROP TABLE IF EXISTS `gungu_type`;
/*!40101 SET @saved_cs_client     = @@character_set_client */;
/*!50503 SET character_set_client = utf8mb4 */;
CREATE TABLE `gungu_type` (
  `gungu_id` int NOT NULL AUTO_INCREMENT,
  `gungu` varchar(16) DEFAULT NULL,
  PRIMARY KEY (`gungu_id`)
) ENGINE=InnoDB AUTO_INCREMENT=98 DEFAULT CHARSET=utf8mb4 COLLATE=utf8mb4_0900_ai_ci;
/*!40101 SET character_set_client = @saved_cs_client */;

--
-- Dumping data for table `gungu_type`
--

LOCK TABLES `gungu_type` WRITE;
/*!40000 ALTER TABLE `gungu_type` DISABLE KEYS */;
INSERT INTO `gungu_type` VALUES (1,'성남시'),(2,'강서구'),(3,'영등포구'),(4,'천안시'),(5,'아산시'),(6,'마포구'),(7,'서초구'),(8,'전주시'),(9,'강남구'),(10,'유성구'),(11,'동작구'),(12,'수원시'),(13,'안양시'),(14,'성동구'),(15,'미추홀구'),(16,'관악구'),(17,'북구'),(18,'경산시'),(19,'사상구'),(20,'금천구'),(21,'서구'),(22,'과천시'),(23,'남구'),(24,'남동구'),(25,'광산구'),(26,'부평구'),(27,'화성시'),(28,'중구'),(29,'창원시'),(30,'부천시'),(31,'동구'),(32,'나주시'),(33,'파주시'),(34,'오산시'),(35,'칠곡군'),(36,'의왕시'),(37,'연수구'),(38,'원주시'),(39,'용인시'),(40,'김해시'),(41,'시흥시'),(42,'평택시'),(43,'거제시'),(44,'경주시'),(45,'양천구'),(46,'동래구'),(47,'진주시'),(48,'여수시'),(49,'남양주시'),(50,'김포시'),(51,'기장군'),(52,'군산시'),(53,'송파구'),(54,'연제구'),(55,'장성군'),(56,'안산시'),(57,'달서구'),(58,'광진구'),(59,'포항시'),(60,'해운대구'),(61,'춘천시'),(62,'청주시'),(63,'성북구'),(64,'서귀포시'),(65,'고흥군'),(66,'제천시'),(67,'노원구'),(68,'횡성군'),(69,'금정구'),(70,'하남시'),(71,'익산시'),(72,'영동군'),(73,'달성군'),(74,'수성구'),(75,'대덕구'),(76,'구로구'),(77,'종로구'),(78,'중랑구'),(79,'가평군'),(80,'고양시'),(81,'양산시'),(82,'광주시'),(83,'옥천군'),(84,'구리시'),(85,'공주시'),(86,'광양시'),(87,'목포시'),(88,'안성시'),(89,'동해시'),(90,'서대문구'),(91,'부산광역시진구'),(92,'계양구'),(93,'군포시'),(94,'광명시'),(95,'충주시'),(96,'정보없음'),(97,'구미시');
/*!40000 ALTER TABLE `gungu_type` ENABLE KEYS */;
UNLOCK TABLES;

--
-- Table structure for table `prefer_tech`
--

DROP TABLE IF EXISTS `prefer_tech`;
/*!40101 SET @saved_cs_client     = @@character_set_client */;
/*!50503 SET character_set_client = utf8mb4 */;
CREATE TABLE `prefer_tech` (
  `prefer_tech_id` int NOT NULL AUTO_INCREMENT,
  `recruit_id` int DEFAULT NULL,
  `tech_id` int DEFAULT NULL,
  PRIMARY KEY (`prefer_tech_id`),
  KEY `FK_prefer_recruit_id` (`recruit_id`),
  KEY `FK_prefer_tech_id` (`tech_id`),
  CONSTRAINT `FK_prefer_recruit_id` FOREIGN KEY (`recruit_id`) REFERENCES `recruit_info` (`recruit_id`),
  CONSTRAINT `FK_prefer_tech_id` FOREIGN KEY (`tech_id`) REFERENCES `tech_info` (`tech_id`)
) ENGINE=InnoDB AUTO_INCREMENT=251 DEFAULT CHARSET=utf8mb4 COLLATE=utf8mb4_0900_ai_ci;
/*!40101 SET character_set_client = @saved_cs_client */;

--
-- Dumping data for table `prefer_tech`
--

LOCK TABLES `prefer_tech` WRITE;
/*!40000 ALTER TABLE `prefer_tech` DISABLE KEYS */;
INSERT INTO `prefer_tech` VALUES (1,3,83),(2,3,75),(3,3,69),(4,3,38),(5,3,91),(6,4,83),(7,5,83),(8,5,93),(9,9,18),(10,10,54),(11,11,83),(12,11,83),(13,13,75),(14,13,18),(15,13,17),(16,13,54),(17,13,42),(18,13,51),(19,14,75),(20,15,54),(21,16,54),(22,16,103),(23,18,83),(24,18,83),(25,18,54),(26,18,32),(27,18,42),(28,19,18),(29,19,83),(30,19,83),(31,19,54),(32,19,32),(33,19,42),(34,20,83),(35,20,83),(36,20,54),(37,20,32),(38,20,42),(39,21,18),(40,21,83),(41,21,83),(42,21,54),(43,21,32),(44,21,42),(45,21,16),(46,21,2),(47,21,24),(48,22,83),(49,26,83),(50,26,54),(51,26,33),(52,27,33),(53,29,83),(54,33,93),(55,34,83),(56,36,54),(57,37,93),(58,40,93),(59,40,75),(60,42,42),(61,43,93),(62,48,42),(63,48,83),(64,49,12),(65,49,99),(66,50,54),(67,52,12),(68,52,99),(69,60,16),(70,60,18),(71,63,83),(72,63,54),(73,63,33),(74,67,17),(75,67,59),(76,67,16),(77,67,18),(78,72,54),(79,72,33),(80,79,83),(81,79,93),(82,84,54),(83,87,93),(84,87,83),(85,88,32),(86,89,18),(87,89,17),(88,89,1),(89,89,111),(90,89,62),(91,91,17),(92,91,18),(93,97,16),(94,97,18),(95,97,75),(96,100,18),(97,100,75),(98,100,83),(99,100,35),(100,100,43),(101,103,42),(102,103,83),(103,103,83),(104,104,18),(105,104,75),(106,104,76),(107,104,68),(108,104,69),(109,104,109),(110,105,83),(111,105,83),(112,105,54),(113,105,32),(114,105,42),(115,106,83),(116,106,33),(117,106,84),(118,106,34),(119,107,18),(120,107,83),(121,107,83),(122,107,54),(123,107,32),(124,107,42),(125,108,48),(126,108,75),(127,108,86),(128,108,11),(129,108,85),(130,109,54),(131,109,83),(132,109,79),(133,110,54),(134,110,83),(135,113,83),(136,123,75),(137,123,20),(138,125,54),(139,125,75),(140,125,42),(141,127,18),(142,127,83),(143,127,54),(144,127,32),(145,127,42),(146,127,75),(147,128,5),(148,128,56),(149,130,5),(150,132,93),(151,132,83),(152,132,83),(153,135,47),(154,135,84),(155,135,54),(156,136,48),(157,136,75),(158,137,42),(159,142,85),(160,142,12),(161,142,99),(162,147,16),(163,147,18),(164,147,33),(165,147,54),(166,147,5),(167,149,83),(168,149,54),(169,149,85),(170,149,36),(171,149,33),(172,150,83),(173,150,83),(174,150,54),(175,150,32),(176,150,42),(177,150,33),(178,152,93),(179,152,83),(180,152,83),(181,153,83),(182,153,83),(183,155,93),(184,156,93),(185,156,83),(186,156,83),(187,158,83),(188,158,54),(189,158,85),(190,158,36),(191,158,33),(192,160,34),(193,164,18),(194,164,17),(195,164,76),(196,164,68),(197,164,97),(198,165,16),(199,165,18),(200,165,85),(201,165,11),(202,165,83),(203,165,76),(204,165,75),(205,165,33),(206,165,5),(207,167,85),(208,167,54),(209,168,33),(210,168,83),(211,173,16),(212,173,18),(213,176,83),(214,176,83),(215,176,54),(216,176,32),(217,176,42),(218,176,33),(219,177,105),(220,177,74),(221,177,32),(222,177,26),(223,178,83),(224,178,33),(225,178,84),(226,178,34),(227,180,18),(228,180,9),(229,182,83),(230,182,93),(231,185,83),(232,185,93),(233,186,18),(234,189,32),(235,190,18),(236,195,54),(237,196,83),(238,199,32),(239,199,17),(240,199,42),(241,199,50),(242,201,32),(243,203,54),(244,206,93),(245,206,33),(246,207,83),(247,208,93),(248,208,33),(249,213,107),(250,213,67);
/*!40000 ALTER TABLE `prefer_tech` ENABLE KEYS */;
UNLOCK TABLES;

--
-- Table structure for table `recruit_info`
--

DROP TABLE IF EXISTS `recruit_info`;
/*!40101 SET @saved_cs_client     = @@character_set_client */;
/*!50503 SET character_set_client = utf8mb4 */;
CREATE TABLE `recruit_info` (
  `recruit_id` int NOT NULL AUTO_INCREMENT,
  `career_id` int DEFAULT NULL,
  `education_id` int DEFAULT NULL,
  `comp_name_id` int DEFAULT NULL,
  PRIMARY KEY (`recruit_id`),
  KEY `FK_comp_name` (`comp_name_id`),
  KEY `FK_career_id_name` (`career_id`),
  KEY `FK_education_id_name` (`education_id`),
  CONSTRAINT `FK_career_id_name` FOREIGN KEY (`career_id`) REFERENCES `career_info` (`career_id`),
  CONSTRAINT `FK_comp_name` FOREIGN KEY (`comp_name_id`) REFERENCES `company_info` (`comp_id`),
  CONSTRAINT `FK_education_id_name` FOREIGN KEY (`education_id`) REFERENCES `education_info` (`education_id`)
) ENGINE=InnoDB AUTO_INCREMENT=214 DEFAULT CHARSET=utf8mb4 COLLATE=utf8mb4_0900_ai_ci;
/*!40101 SET character_set_client = @saved_cs_client */;

--
-- Dumping data for table `recruit_info`
--

LOCK TABLES `recruit_info` WRITE;
/*!40000 ALTER TABLE `recruit_info` DISABLE KEYS */;
INSERT INTO `recruit_info` VALUES (1,4,1,370),(2,3,2,371),(3,13,1,372),(4,13,1,373),(5,1,1,374),(6,1,1,375),(7,13,1,376),(8,13,3,377),(9,1,3,378),(10,14,7,373),(11,13,1,373),(12,5,1,380),(13,1,2,528),(14,4,1,383),(15,13,3,384),(16,2,1,385),(17,13,3,386),(18,3,1,387),(19,3,1,387),(20,3,1,387),(21,3,1,387),(22,4,1,389),(23,2,1,390),(24,1,4,391),(25,3,1,393),(26,4,1,394),(27,4,1,395),(28,2,1,397),(29,3,1,398),(30,2,1,399),(31,1,4,391),(32,1,2,400),(33,4,1,387),(34,4,1,387),(35,13,3,403),(36,13,4,373),(37,4,1,387),(38,13,1,409),(39,5,1,388),(40,2,2,411),(41,13,4,373),(42,6,2,412),(43,1,1,415),(44,6,1,417),(45,1,3,420),(46,1,1,421),(47,6,5,384),(48,13,1,425),(49,4,4,393),(50,6,2,426),(51,3,1,427),(52,4,4,393),(53,13,4,428),(54,1,3,431),(55,2,2,393),(56,4,4,432),(57,13,3,433),(58,1,2,434),(59,6,1,435),(60,2,3,437),(61,2,3,438),(62,13,3,440),(63,6,3,394),(64,10,2,442),(65,6,1,443),(66,6,2,446),(67,13,2,447),(68,1,4,451),(69,6,2,452),(70,3,3,408),(71,2,1,453),(72,13,1,456),(73,4,2,458),(74,4,2,459),(75,2,2,461),(76,1,1,456),(77,4,3,384),(78,5,1,464),(79,4,1,395),(80,4,1,466),(81,13,1,383),(82,2,3,438),(83,13,3,467),(84,4,3,384),(85,8,1,384),(86,1,2,389),(87,1,1,389),(88,4,3,384),(89,13,1,470),(90,6,2,471),(91,1,3,476),(92,6,1,479),(93,6,1,480),(94,6,1,486),(95,4,1,388),(96,3,1,487),(97,1,4,549),(98,13,1,383),(99,2,1,380),(100,13,1,508),(101,13,1,20),(102,13,2,497),(103,3,1,387),(104,5,1,526),(105,3,1,387),(106,5,2,529),(107,13,2,12),(108,13,2,550),(109,13,3,425),(110,13,1,372),(111,1,1,511),(112,6,1,486),(113,6,2,13),(114,2,2,13),(115,11,2,13),(116,1,1,370),(117,13,3,377),(118,1,2,521),(119,1,2,504),(120,1,2,538),(121,1,2,484),(122,1,2,502),(123,4,2,1),(124,3,1,512),(125,3,2,498),(126,13,2,548),(127,3,3,541),(128,13,1,515),(129,4,3,15),(130,1,1,531),(131,13,1,389),(132,6,1,522),(133,13,2,518),(134,1,3,420),(135,1,2,521),(136,4,1,516),(137,5,3,546),(138,1,1,480),(139,6,1,452),(140,2,1,531),(141,4,1,384),(142,3,1,393),(143,6,1,523),(144,4,1,474),(145,1,4,549),(146,6,3,527),(147,4,1,542),(148,1,1,520),(149,4,3,394),(150,3,1,387),(151,1,1,544),(152,2,1,547),(153,13,2,524),(154,4,1,535),(155,1,1,374),(156,1,4,547),(157,4,2,1),(158,4,1,394),(159,4,1,520),(160,13,1,532),(161,1,3,525),(162,4,1,453),(163,4,2,545),(164,4,1,470),(165,2,2,390),(166,4,1,507),(167,6,2,503),(168,4,1,474),(169,3,2,371),(170,2,1,385),(171,13,3,540),(172,13,1,506),(173,6,3,517),(174,4,1,542),(175,4,2,519),(176,3,1,387),(177,6,1,513),(178,5,1,526),(179,10,2,442),(180,1,1,499),(181,2,3,443),(182,5,1,530),(183,12,7,500),(184,6,2,534),(185,9,1,530),(186,1,1,499),(187,13,1,514),(188,6,2,471),(189,4,3,533),(190,13,1,499),(191,6,1,501),(192,9,1,423),(193,2,3,510),(194,13,2,536),(195,1,1,505),(196,2,1,530),(197,13,4,537),(198,13,4,451),(199,1,7,439),(200,13,4,428),(201,1,1,533),(202,1,1,370),(203,6,2,426),(204,2,1,417),(205,13,4,425),(206,4,1,387),(207,4,1,387),(208,4,1,387),(209,10,1,543),(210,2,6,443),(211,2,3,438),(212,13,4,539),(213,2,3,438);
/*!40000 ALTER TABLE `recruit_info` ENABLE KEYS */;
UNLOCK TABLES;

--
-- Table structure for table `sido_type`
--

DROP TABLE IF EXISTS `sido_type`;
/*!40101 SET @saved_cs_client     = @@character_set_client */;
/*!50503 SET character_set_client = utf8mb4 */;
CREATE TABLE `sido_type` (
  `sido_id` int NOT NULL AUTO_INCREMENT,
  `sido_name` varchar(16) DEFAULT NULL,
  PRIMARY KEY (`sido_id`)
) ENGINE=InnoDB AUTO_INCREMENT=18 DEFAULT CHARSET=utf8mb4 COLLATE=utf8mb4_0900_ai_ci;
/*!40101 SET character_set_client = @saved_cs_client */;

--
-- Dumping data for table `sido_type`
--

LOCK TABLES `sido_type` WRITE;
/*!40000 ALTER TABLE `sido_type` DISABLE KEYS */;
INSERT INTO `sido_type` VALUES (1,'경기도'),(2,'서울특별시'),(3,'충청남도'),(4,'전라북도'),(5,'대전광역시'),(6,'부산광역시'),(7,'인천광역시'),(8,'광주광역시'),(9,'경상북도'),(10,'대구광역시'),(11,'울산광역시'),(12,'경상남도'),(13,'전라남도'),(14,'강원도'),(15,'충청북도'),(16,'제주도'),(17,'정보없음');
/*!40000 ALTER TABLE `sido_type` ENABLE KEYS */;
UNLOCK TABLES;

--
-- Table structure for table `tech_info`
--

DROP TABLE IF EXISTS `tech_info`;
/*!40101 SET @saved_cs_client     = @@character_set_client */;
/*!50503 SET character_set_client = utf8mb4 */;
CREATE TABLE `tech_info` (
  `tech_id` int NOT NULL AUTO_INCREMENT,
  `tech_name` varchar(255) DEFAULT NULL,
  PRIMARY KEY (`tech_id`)
) ENGINE=InnoDB AUTO_INCREMENT=118 DEFAULT CHARSET=utf8mb4 COLLATE=utf8mb4_0900_ai_ci;
/*!40101 SET character_set_client = @saved_cs_client */;

--
-- Dumping data for table `tech_info`
--

LOCK TABLES `tech_info` WRITE;
/*!40000 ALTER TABLE `tech_info` DISABLE KEYS */;
INSERT INTO `tech_info` VALUES (1,'.NET'),(2,'AGV'),(3,'AMR'),(4,'API'),(5,'ARM'),(6,'ASP.NET'),(7,'AVR'),(8,'AWS'),(9,'Agile'),(10,'Android'),(11,'Arduino'),(12,'Asana'),(13,'Azure'),(14,'BLDC'),(15,'BLE'),(16,'C'),(17,'C#'),(18,'C++'),(19,'CAN'),(20,'CANoe'),(21,'CARLA'),(22,'CIM'),(23,'CSS'),(24,'CUDA'),(25,'Cloud'),(26,'Conda'),(27,'DBMS'),(28,'DL'),(29,'Delphi'),(30,'DevOps'),(31,'DoD'),(32,'Docker'),(33,'Embedded'),(34,'EtherCAT'),(35,'Flutter'),(36,'GCS'),(37,'GEM'),(38,'GLFW'),(39,'GTK'),(40,'GUI'),(41,'Gazebo'),(42,'Git'),(43,'HMI'),(44,'HTML'),(45,'Halcon'),(46,'IPC'),(47,'ISP'),(48,'Java'),(49,'Javascript'),(50,'Jenkins'),(51,'Jira'),(52,'Keras'),(53,'Kotlin'),(54,'Linux'),(55,'MATLAB'),(56,'MCU'),(57,'MEM'),(58,'MES'),(59,'MFC'),(60,'MIL'),(61,'MXNet'),(62,'MySQL'),(63,'Next.js'),(64,'NginX'),(65,'NoSQL'),(66,'Node.js'),(67,'OMS'),(68,'OpenCV'),(69,'OpenGL'),(70,'Oracle'),(71,'PIC'),(72,'PostgreSQL'),(73,'PowerBI'),(74,'PyTorch'),(75,'Python'),(76,'QT'),(77,'R'),(78,'R&D'),(79,'RDBMS'),(80,'REST API'),(81,'RESTful'),(82,'RESTful API'),(83,'ROS'),(84,'RTOS'),(85,'RaspberryPi'),(86,'React'),(87,'Redis'),(88,'Redmine'),(89,'Rust'),(90,'SDK'),(91,'SDL'),(92,'SECS'),(93,'SLAM'),(94,'SPI'),(95,'SQA'),(96,'SQL'),(97,'SVM'),(98,'Simulator'),(99,'Slack'),(100,'SoC'),(101,'Spring'),(102,'SpringBoot'),(103,'TCP/IP'),(104,'Tableau'),(105,'TensorFlow'),(106,'UART'),(107,'UCI'),(108,'Unix'),(109,'VTK'),(110,'WCF'),(111,'WPF'),(112,'WRF'),(113,'Webots'),(114,'doxyzen'),(115,'딥러닝'),(116,'임베디드'),(117,'정보없음');
/*!40000 ALTER TABLE `tech_info` ENABLE KEYS */;
UNLOCK TABLES;
/*!40103 SET TIME_ZONE=@OLD_TIME_ZONE */;

/*!40101 SET SQL_MODE=@OLD_SQL_MODE */;
/*!40014 SET FOREIGN_KEY_CHECKS=@OLD_FOREIGN_KEY_CHECKS */;
/*!40014 SET UNIQUE_CHECKS=@OLD_UNIQUE_CHECKS */;
/*!40101 SET CHARACTER_SET_CLIENT=@OLD_CHARACTER_SET_CLIENT */;
/*!40101 SET CHARACTER_SET_RESULTS=@OLD_CHARACTER_SET_RESULTS */;
/*!40101 SET COLLATION_CONNECTION=@OLD_COLLATION_CONNECTION */;
/*!40111 SET SQL_NOTES=@OLD_SQL_NOTES */;

-- Dump completed on 2025-01-03 16:57:14
